"","who_retweet","who_post"
"1","khuns_Nuna","2PMFAH"
"2","nkfebruaryfifth","2PMFAH"
"3","agness2310","2PMFAH"
"4","khunjagiya","2PMFAH"
"5","taeccats","2PMFAH"
"6","elle_jwy","2PMFAH"
"7","_khunfused","2PMFAH"
"8","whiekhun","2PMFAH"
"9","2PMints","2PMFAH"
"10","Poon191","2PMFAH"
"11","besidewooyoung","2PMFAH"
"12","woolipop","2PMFAH"
"13","myboytaec","2PMFAH"
"14","wooshio_","2PMFAH"
"15","buckyeahKhun","2PMFAH"
"16","ZwarteKaat","2tweetaboutit"
"17","venetiarainey","38_degrees"
"18","zizastan","38_degrees"
"19","satoshidate","38_degrees"
"20","AineRoseCampbel","38_degrees"
"21","jeffhamann","38_degrees"
"22","7HenriettaSt","7HenriettaSt"
"23","OctaAbri","9GAG"
"24","AIECAustraliaEU","AIECAustraliaEU"
"25","MigrantVoiceUK","AJEnglish"
"26","MsElleSandberg","AJEnglish"
"27","AKTravel_USA","AKTravel_UK"
"28","resilient_one","AP"
"29","slone","AP"
"30","CBSDenver","AP"
"31","British_Studies","AP"
"32","GlobalHE","APPGMigration"
"33","cushpig","AdrainOnSociety"
"34","prof_univsocial","AirPano"
"35","PositionDial","AledR"
"36","FitrySakwan","AlkindiHakim"
"37","RichMeyer4","AllenWest"
"38","marc83levy","AmazonUK"
"39","johnpoland","AmazonUK"
"40","MoisBenarroch","AmazonUK"
"41","MoisBenarroch","AmazonUK"
"42","MoisBenarroch","AmazonUK"
"43","MoisBenarroch","AmazonUK"
"44","MoisBenarroch","AmazonUK"
"45","MoisBenarroch","AmazonUK"
"46","MoisBenarroch","AmazonUK"
"47","MoisBenarroch","AmazonUK"
"48","MoisBenarroch","AmazonUK"
"49","MoisBenarroch","AmazonUK"
"50","MoisBenarroch","AmazonUK

@readTUESDAY"
"51","SCANDOY","AmnestyUK"
"52","star_pumpkin","Andrew_ComRes"
"53","DiRealDeeki","Arquipimp"
"54","nwolfl","Arturo_Sarukhan"
"55","dr_shaps","Arturo_Sarukhan"
"56","iRSSNews","BBC"
"57","MonicaMatei89","BBCNews"
"58","DoinaAncaCretu","BBCNews"
"59","BarzhDu","BBCNews"
"60","JasonDMyles","BBCNews"
"61","un1c0rnstar","BBCNews"
"62","KhocolateRain","BBCNews"
"63","YildirimNews","BBCNews"
"64","LauraDevineLaw","BBCNews"
"65","kasperpeters","BBCNews"
"66","YildirimNews","BBCNews"
"67","YildirimNews","BBCNews"
"68","YildirimNews","BBCNews"
"69","YorkshireTaff","BBCNews"
"70","YildirimNews","BBCNews"
"71","YildirimNews","BBCNews"
"72","nashtysmans","BBCWorld"
"73","gemma_pinyol","BBCWorld"
"74","TobiasParallel","BBCWorld"
"75","BDNY79","BBCnews"
"76","BDNY79","BBCnews"
"77","BDNY79","BBCnews"
"78","Himalaya888","BalaachMarri"
"79","ShayTalarBaloch","BalaachMarri"
"80","BruceKAnderson","Balkaninsight"
"81","BruceKAnderson","Balkaninsight"
"82","sam4wong","BelTel"
"83","jbreisblatt","BenjySarlin"
"84","a_Londoner","BetterOffOut"
"85","sozfo","BildungsSpiegel"
"86","dazulzul","BloombergNews"
"87","UKVisaSolicitor","BloombergNow"
"88","FreshFredy","BonifaceGitz"
"89","Filsology","BostonGlobe"
"90","mariasacchetti","BostonGlobe"
"91","ricardonotes","BostonGlobe"
"92","CMSnewyork","BostonGlobe"
"93","migrationconf","BostonGlobe"
"94","Bordercrim","BostonGlobe"
"95","FlorianCiornei","BreakingEUNews"
"96","ThePalinPatriot","BreitbartNews"
"97","GlacierPatriot","BreitbartNews"
"98","crystal_night20","BreitbartNews"
"99","BAMAPERRY","BreitbartNews"
"100","yugijo","BreitbartNews"
"101","psforsure","BreitbartNews"
"102","momoishere","BreitbartNews"
"103","marinab62998008","BreitbartNews"
"104","morehouse64","BreitbartNews"
"105","exodus_2011","BreitbartNews"
"106","jbmesser53","BreitbartNews"
"107","LuanaMacLac","BreitbartNews"
"108","TheRealPetrossa","BrunoBrussels"
"109","GinaLuciana","BryanJFischer"
"110","edxavez","BuzzFeed"
"111","commonpatriot","CNSNews_com"
"112","RefugeeAction","CRMCCov"
"113","girlguidesofcan","CanImmigrant"
"114","junayed_","CaringSoul786"
"115","tuhel","CatrinNye"
"116","StollmeyerEU","CerstinGammelin"
"117","BranimiraR","CerstinGammelin"
"118","JamesWillby","CerstinGammelin"
"119","acaprahman","ChanHafiz"
"120","sam4wong","Channel4News"
"121","SimonT_Space","ChrisClandestin"
"122","NellahNel1","CindyRosay"
"123","MargieSees","Circa"
"124","immsollawyers","CityAM"
"125","SGregoryjenkins","CliffordLD"
"126","iAmNaturallyWet","CocaineXAndRain"
"127","CocaineXAndRain","CocaineXAndRain"
"128","sam4wong","Col_Kz"
"129","Bordercrim","ConversationUK"
"130","nattpimpa","ConversationUK"
"131","drsunda","ConversationUK"
"132","DebCoyne","ConversationUK"
"133","rhtraining","ConversationUK"
"134","TamSoCap","ConversationUK"
"135","luluna81","ConversationUK"
"136","thom_brooks","ConversationUK"
"137","BeckyVineyWood","ConversationUK"
"138","thom_brooks","ConversationUK"
"139","thom_brooks","ConversationUK"
"140","thom_brooks","ConversationUK"
"141","NickP1963","ConversationUK"
"142","thom_brooks","ConversationUK"
"143","thom_brooks","ConversationUK"
"144","mgilbertsaez","ConversationUK"
"145","TheDragonflyC","ConversationUK"
"146","OTEcorporation","CraigSheilds"
"147","TeSSSoni","Cringa_XA"
"148","son_of_hood","DNA"
"149","PARRY1956","Da"
"150","JNG_WEB","Dago_Business"
"151","PARRY1956","Dai"
"152","CCHQPress","DailyMailUK"
"153","franosch","DailyMailUK"
"154","France_LM","DailyMailUK"
"155","pangallion","DailyMailUK"
"156","CalamityPchfuzz","DailyMailUS"
"157","ImmgtnAdviceSvc","DailyMirror"
"158","NealCassidy99","DailyMirror"
"159","PARRY1956","DailyMirror"
"160","mosabbir","DailyMirror"
"161","APPGMigration","DailyMirror"
"162","casper1877","Daily_Star"
"163","gavtheukip","Daily_Star"
"164","maca_13_9","Daily_Star"
"165","ColinRadioSutch","Daily_Star"
"166","jlj21964","Daily_Star"
"167","DREWDIAMOND32","Dalus87"
"168","grumpiergrump","DavidCoburnUKip"
"169","red13charlie","DavidCoburnUKip"
"170","top1percentile","DavidJo52951945"
"171","tontita00","DawnHFoster"
"172","StayHuman2013","DetentionForum"
"173","triniclares","DghSpanishWelsh"
"174","humanprovince","Diplopundit"
"175","Conserva_Tweet","DrudgeReport"
"176","tinaleeinberlin","EULondonMark"
"177","TopVillasPhuket","Easy_Branches"
"178","PhuketTopVillas","Easy_Branches"
"179","PhuketDailyNews","Easy_Branches"
"180","PhuketDailyNews","Easy_Branches"
"181","Easy_Branches","Easy_Branches"
"182","ay_enjoy","EbukaAkara"
"183","HLAKES_","EbukaAkara"
"184","Freakish_shaft","EbukaAkara"
"185","Babadudu1","EbukaAkara"
"186","Larryvima01","EbukaAkara"
"187","lekkyfun","EbukaAkara"
"188","yourskkv","Economic"
"189","AJStream","ElleDubG"
"190","ERICBARBOSA11","EricBarbosa11"
"191","ERICBARBOSA11","EricBarbosa11"
"192","allthingslatino","EspuelasVox"
"193","EuroMaidan_Eng","EuroMaidan_Eng"
"194","RalfGrahn","EuropeanVoiceEV"
"195","Jdunnthx500","EveningStandard"
"196","MigrantsMRC","FOREIGNERSINUK"
"197","Zeuxidian","FRANCE24"
"198","enzokublin","FT"
"199","Wyberton2017","FT"
"200","hare_brain","FT"
"201","pegassus19","FT"
"202","JoshuaChaffin","FT"
"203","DearsonWinyard","FT"
"204","NicholasJStrong","FT"
"205","AlastairRoss","FT"
"206","DearsonWinyard","FT"
"207","inglesi","FT"
"208","Tax_Map","FT"
"209","atoutfranceukpr","FT"
"210","vickipapworth","FT"
"211","GoodallGiles","FT"
"212","Teri0613","FT"
"213","ItalianPolitics","FTworldnews"
"214","TobiasParallel","FabianZuleeg"
"215","TimHarford","FarrellLuke"
"216","jdl_uk_official","Femail"
"217","BataraLaw","Fi2W"
"218","theobhe","FinancialExpress"
"219","FitrySakwan","FitrySakwan"
"220","euromove","FixersUK"
"221","NickS2808","GateleyLLP"
"222","mwarhurst","GdnPolitics"
"223","Louise_Restell","GdnPolitics"
"224","Freelance_Ken","GeoffUkip"
"225","Chiran_London","GetWestLondon"
"226","TheNieuws","GetWestLondon"
"227","uk_immigration","GetWestLondon"
"228","phil3000","GizmodoUK"
"229","JonSward","GizmodoUK"
"230","Iam_mosado","GoalUK"
"231","bearaboi","GoodwinMJ"
"232","camdengp","GreenBenali"
"233","lewgreenparty","GreenBenali"
"234","YildirimNews","Guardian"
"235","AsylumWelcome","Guardian"
"236","AsylumWelcome","Guardian"
"237","AsylumWelcome","Guardian"
"238","jrfAleks","GuardianData"
"239","DennisLCarney","GuardianData"
"240","BulumkoLusu","GuardianData"
"241","JoanaVassi","HPUKStudents"
"242","UKVISAS","HPUKStudents"
"243","labour52rose","HPUKStudents"
"244","WorkplaceLawNet","HRZone"
"245","truahrabbis","HaaretzCom"
"246","donavese","Heritage"
"247","drewhendrySNP","HighlandRomania"
"248","si_arifb","HistoricalPics"
"249","RominaFa","HistoryInPics"
"250","jasonmeanz","HouseofCommons"
"251","dreamthemovie","HuffPostPol"
"252","juanrgarcia7","HuffPostPol"
"253","nexus2019","HuffPostRelig"
"254","ShoaibNagi","HuffPostRelig"
"255","emsar7","HuffPostUK"
"256","SorchaHolloway","HuffPostUK"
"257","mmichael0","HuffPostUK"
"258","ArcSBlack","HuffPostUK"
"259","CasAnnStephens","HuffPostUK"
"260","stayne_","HuffPostUK"
"261","Ryan_Baldry","HuffPostUK"
"262","markhillary","HuffPostUK"
"263","Cochis3","HuffPostUK"
"264","sallysolihull","HuffPostUK"
"265","WFLeftUnity","HuffPostUK"
"266","Navstar1865","HuffPostUK"
"267","OYac1","HuffPostUK"
"268","TonyLeeMartin","HuffPostUK"
"269","Jimpearsonuk","HuffPostUK"
"270","DearsonWinyard","HuffPostUK"
"271","Tesa_RT","HuffPostUK"
"272","TurnbullRuther","HuffPostUK"
"273","applam1","HuffPostUK"
"274","woolston53","HuffPostUK"
"275","UKVisaSolicitor","HuffPostUK"
"276","Cathey2012","HuffPostUK"
"277","jonatha17358613","HuffPostUK"
"278","VincentAven","HuffPostUK"
"279","KFBPHOTO","HuffPostUK"
"280","StanMarnie","HuffPostUK"
"281","croescade","HuffPostUK"
"282","JaylynchJay","HuffPostUK"
"283","shailesh23660","HuffPostUK"
"284","ligomersall","HuffPostUK"
"285","BetterOffOut","HuffPostUK"
"286","CasAnnStephens","HuffPostUK"
"287","VincentAven","HuffPostUK"
"288","JohnEJefferson","HuffPostUK"
"289","GPHEBY","HuffPostUK"
"290","CraigEisele","HuffPostUK"
"291","mpbaz7115","HuffPostUK"
"292","UmarSajid","HuffPostUK"
"293","shailesh23660","HuffPostUK"
"294","TurnbullRuther","HuffPostUK"
"295","sleribaux","HuffPostUK"
"296","UKVisaSolicitor","HuffPostUK"
"297","APPGMigration","HuffPostUK"
"298","Cochis3","HuffPostUK"
"299","germanrisa","HuffPostUK"
"300","jasminedotiwala","HuffPostUK"
"301","DavidHobbsDH","HuffPostUK"
"302","SLATUKIP","HuffPostUK"
"303","YapPYapUK","HuffPostUK"
"304","PaulineThivi","HuffPostUK"
"305","VividRicky","HuffPostUK"
"306","MariamariaRBM","HuffPostUK"
"307","LGM1959","HuffPostUK"
"308","applam1","HuffPostUK"
"309","Tom_FA","HuffPostUK"
"310","seafarer1847","HuffPostUK"
"311","LRCN0CNNR","HuffPostUK"
"312","VividRicky","HuffPostUK"
"313","Roselady64","HuffPostUK"
"314","GeorgianaBorca","HuffPostUK"
"315","atemm","HuffPostUK"
"316","OanaRomocea","HuffPostUK"
"317","FramingGlobal","HuffPostUK"
"318","adzaccfc","HuffPostUK"
"319","StepUpLearn","HuffPostUK"
"320","dizzies11","HuffPostUK"
"321","Hephaestus7","HuffPostUK"
"322","OanaRomocea","HuffPostUK"
"323","VegSam","HuffPostUK"
"324","ImmgtnAdviceSvc","HuffPostUKPol"
"325","UKVisaSolicitor","HuffPostUKPol"
"326","The_UK_Migrant","HuffPostUKPol"
"327","Cochis3","HuffPostUKPol"
"328","evilbluebird","HuffPostUKPol"
"329","Adriel1819","HuffPostUKPol"
"330","combevalley","HuffPostUKPol"
"331","GPCody60","HuffPostUKPol"
"332","DennisBache1","HuffPostUKPol"
"333","applam1","HuffPostUKPol"
"334","BevMorris1","HuffPostUKPol"
"335","StanMarnie","HuffPostUKPol"
"336","beardysocialist","HuffPostUKPol"
"337","jackcolleton","HuffPostUKPol"
"338","sallysolihull","HuffPostUKPol"
"339","stop1984","HuffPostUKPol"
"340","VincentAven","HuffPostUKPol"
"341","InTheSoupAgain","HuffPostUKPol"
"342","THarryEvans","HuffPostUKPol"
"343","FirstNightArt","HuffPostUKPol"
"344","Col_Kz","HuffPostUKPol"
"345","VincentAven","HuffPostUKPol"
"346","jonatha17358613","HuffPostUKPol"
"347","sam4wong","HuffPostUKPol"
"348","shailesh23660","HuffPostUKPol"
"349","mr_moog","HuffPostUKPol"
"350","TurnbullRuther","HuffPostUKPol"
"351","MosFlieu","HuffPostUKPol"
"352","mykkym1","HuffPostUKPol"
"353","ArcSBlack","HuffPostUKPol"
"354","sallysolihull","HuffPostUKPol"
"355","KTsappas","HuffPostUKPol"
"356","deaepleicester","HuffPostUKPol"
"357","SLATUKIP","HuffPostUKPol"
"358","R_3_M","HuffPostUKPol"
"359","jane_fieldsend","HuffPostUKPol"
"360","tmNCL","HuffPostUKPol"
"361","DavidHansonMP","HuffPostUKPol"
"362","germanrisa","HuffPostUKPol"
"363","Staircase2","HuffPostUKPol"
"364","theenglishrag","HuffPostUKPol"
"365","ideas4thefuture","HuffPostUKPol"
"366","Staircase2","HuffPostUKPol"
"367","ryanscribe","HuffPostUKPol"
"368","AndreeaVis","HuffPostUKPol"
"369","ana_mavro","HuffPostUKPol"
"370","charlielindlar","HuffPostUKPol"
"371","NigelMillsMP","HuffPostUKPol"
"372","tachyonics","HuffPostUKPol"
"373","Padsuk","HuffPostUKPol"
"374","ElizabethStr","HuffPostUKPol"
"375","GreenLeftie","HuffPostUKPol"
"376","tmNCL","HuffPostUKPol"
"377","APPGMigration","HuffPostUKPol"
"378","labour52rose","HuffPostUKPol"
"379","JayneLinney","HuffPostUKPol"
"380","masoodm3","HuffPostUKPol"
"381","applam1","HuffPostUKPol"
"382","the_daily_panda","HuffPostUKPol"
"383","germanrisa","HuffPostUKPol"
"384","JoeSizzlax","HuffPostUKPol"
"385","ligomersall","HuffPostUKPol"
"386","NewEuropeans","HuffPostUKPol"
"387","mpbaz7115","HuffPostUKPol"
"388","adampipe","HuffPostUKPol"
"389","VincentAven","HuffPostUKPol"
"390","TurnbullRuther","HuffPostUKPol"
"391","uk_immigration","HuffPostUKPol"
"392","CasAnnStephens","HuffPostUKPol"
"393","ligomersall","HuffPostUKPol"
"394","masoodm3","HuffPostUKPol"
"395","indiabrazil","HuffPostUKPol"
"396","R_3_M","HuffPostUKPol"
"397","ImmgtnAdviceSvc","HuffPostUKPol"
"398","UKVisaSolicitor","HuffPostUKPol"
"399","fathead1066","HuffPostUKPol"
"400","RaggyTroosers","HuffPostUKPol"
"401","alastairsloan","HuffPostUKPol"
"402","MariamariaRBM","HuffPostUKPol"
"403","deaepleicester","HuffPostUKPol"
"404","DonHarrisonLD","HuffPostUKPol"
"405","LondonPatriots","HuffPostUKPol"
"406","julie4nw","HuffPostUKPol"
"407","wolfyest","HuffPostUKPol"
"408","hullcoopparty","HuffPostUKPol"
"409","Avitusparta","HuffPostUKPol"
"410","toosweet2b","HuffPostUKPol"
"411","Mike_Hookem","HuffPostUKPol"
"412","applam1","HuffPostUKPol"
"413","VividRicky","HuffPostUKPol"
"414","RuxandraGuidi","Hugodixon"
"415","ricardonotes","Hugodixon"
"416","susiesymes1","IAmNasrine"
"417","KristinJoAnne1","IBDinvestors"
"418","msolution","IBNMoney_com"
"419","Rahul_ibn","IBNMoney_com"
"420","IBNMoney_com","IBNMoney_com"
"421","msolution","IBNMoney_com"
"422","TurnbullRuther","IBTimesUK"
"423","diassolicitors","IBTimesUK"
"424","VBucknor","IBTimesUK"
"425","MaxAbrahms","IBTimesUK"
"426","SingingTurnip","IBTimesUK"
"427","David_S_Moon","IBTimesUK"
"428","AWordIfIMay","IBTimesUK"
"429","sam4wong","IBTimesUK"
"430","archangelolill","IBTimesUK"
"431","domesticworkers","IDWN1"
"432","DearsonWinyard","IPPR"
"433","mobilitymuse","IPPR"
"434","IdyI","IdyI"
"435","pnmcdaniel","ImmPolicyCenter"
"436","DetentionWatch","ImmPolicyCenter"
"437","ChavarriaLaw","ImmPolicyCenter"
"438","MarkDamg1","Immigration_Now"
"439","InFocusSA","InFocusSA"
"440","DearsonWinyard","Independent"
"441","thistoomustpass","Independent"
"442","sam4wong","Independent"
"443","sam4wong","Independent"
"444","GlobalImmigrant","Independent"
"445","WelcomeHomeNWI","InmanNews"
"446","Tituscando","IpsosMORI"
"447","aidanosullivan","IrishTimes"
"448","RayHaydenAW","IrishTimes"
"449","petercluskey","IrishTimes"
"450","gearymj","IrishTimes"
"451","petrovdempski","IrishTimes"
"452","rpbdbxl","IsabelleTannous"
"453","fredmns","IslamismeFr"
"454","BritCits","JCWInews"
"455","KWRutter","JERutter"
"456","Civitas_UK","JJLindsell"
"457","JamaicaNational","JNBS_UK"
"458","JamaicaNational","JNBS_UK"
"459","JamaicaNational","JNBS_UK"
"460","JamaicaNational","JNBS_UK"
"461","JamaicaNational","JNBS_UK"
"462","JamaicaNational","JNBS_UK"
"463","gmbutts","JeremyCliffe"
"464","DyingMatters","Jo_Cloth_Ears"
"465","NickyDeanLaw","JohnRentoul"
"466","ThisIsAmerica","Jordanfabian"
"467","AntonLaGuardia","JordiVaquer"
"468","mariamurriel","JuanSaaa"
"469","KISLettings","JustLandlords"
"470","KISLettings","JustLandlords"
"471","K2GLOBALCOMM","K2GLOBALCOMM"
"472","K2GLOBALCOMM","K2GLOBALCOMM"
"473","rfw753","KafirCrusaders"
"474","rfw753","KafirCrusaders"
"475","dgwbirch","KapturekCzarny"
"476","karmel80","KimRadikale"
"477","andy_s_64","LSEEuroppblog"
"478","AmayaFernanda","LSEEuroppblog"
"479","Holivs","LSEpoliticsblog"
"480","JewishMilwaukee","LULACMidwestVP"
"481","LULAC","LULACMidwestVP"
"482","bernallaw","LatinoVoices"
"483","VirtekSystems","LawCloudUK"
"484","VirtekSystems","LawCloudUK"
"485","massenet75","LePoint"
"486","Sisf94","LePoint"
"487","PEYSOL","Le_Figaro"
"488","alex_glennie","LeftFootFwd"
"489","LandlMichael","LeoAW"
"490","mobilitymuse","LifeInTheUK2013"
"491","ostercywriter","LouiseMensch"
"492","morrisseyobe","Loyal_02"
"493","Clay_Masters","LukeRunyon"
"494","cortelyou6225","LukeRussert"
"495","RandForAmerica","LukeRussert"
"496","isalara","LukeRussert"
"497","PwC_AU","LukeSayers"
"498","Cunningham_UK","MSNSteveJ"
"499","Everett2014","MSN_Money"
"500","sassybarbara12","MSN_Money"
"501","IciLondres","MSmithsonPB"
"502","MigrantVoiceUK","MaciejDokurno"
"503","BlueEyedSoulMan","MailOnline"
"504","mvarval","MailOnline"
"505","madamvanessa","MailOnline"
"506","MCUK54","MailOnline"
"507","WorthingUKIP","MailOnline"
"508","laurasullivan20","MailOnline"
"509","Antonvlimburg","MailOnline"
"510","mamapanda58","MailOnline"
"511","jummy03617421","MailOnline"
"512","Eurosceptic1","MailOnline"
"513","ImmgtnAdviceSvc","MailOnline"
"514","2468motorway","MailOnline"
"515","TerenceMcleod","MailOnline"
"516","highbg","MailOnline"
"517","jondknight","MailOnline"
"518","dunstablian","MailOnline"
"519","johnstrange2008","MailOnline"
"520","R_3_M","MailOnline"
"521","flatasteroid","MailOnline"
"522","shailesh23660","MailOnline"
"523","SmithCatman","MailOnline"
"524","petruclej","MailOnline"
"525","Mike_Hookem","MailOnline"
"526","TurnbullRuther","MailOnline"
"527","Gazonice","MailOnline"
"528","bobfrost","MailOnline"
"529","jummy03617421","MailOnline"
"530","Battsby","MailOnline"
"531","mraidenrussell","MailOnline"
"532","natnollid","MailOnline"
"533","natnollid","MailOnline"
"534","WorthingUKIP","MailOnline"
"535","2cvdolly1","MailOnline"
"536","camshrone","MailOnline"
"537","crocetti46","MailOnline"
"538","peggyrussell","MailOnline"
"539","jummy03617421","MailOnline"
"540","CHRISTO57512115","MailOnline"
"541","dunstablian","MailOnline"
"542","SaveMyHorses","MailOnline"
"543","jmalexander1982","MailOnline"
"544","SaveMyHorses","MailOnline"
"545","pinkbourke","MailOnline"
"546","MCUK54","MailOnline"
"547","APPGMigration","MailOnline"
"548","angelayatestmp","MailOnline"
"549","jrf_uk","MailOnline"
"550","DennisLCarney","MailOnline"
"551","VBucknor","MailOnline"
"552","jondknight","MailOnline"
"553","florestaqueen","MailOnline"
"554","rfw753","MailOnline"
"555","SuperbikeAl","MailOnline"
"556","BadboyBNP","MailOnline"
"557","florestaqueen","MailOnline"
"558","florestaqueen","MailOnline"
"559","BristolComSense","MailOnline"
"560","FloatingWaters","MailOnline"
"561","rfw753","MailOnline"
"562","BlueEyedSoulMan","MailOnline"
"563","Eurosceptic1","MailOnline"
"564","mediamoguls","MailOnline"
"565","CasAnnStephens","MailOnline"
"566","BlueEyedSoulMan","MailOnline"
"567","2cvdolly1","MailOnline"
"568","florestaqueen","MailOnline"
"569","MargotLJParker","MailOnline"
"570","Safadreamer","MailOnline"
"571","TrickyBee","MailOnline"
"572","ToryMac","MailOnline"
"573","arennie44","MailOnline"
"574","jondknight","MailOnline"
"575","BlueEyedSoulMan","MailOnline"
"576","dunstablian","MailOnline"
"577","Orgetorix","MailOnline"
"578","SimoneLaurey","MailOnline"
"579","jummy03617421","MailOnline"
"580","BetterOffOut","MailOnline"
"581","AlanJohnson35","MailOnline"
"582","jlj21964","MailOnline"
"583","Mike_Hookem","MailOnline"
"584","LondonPatriots","MailOnline"
"585","gpolitica","MailOnline"
"586","Gazonice","MailOnline"
"587","YildirimNews","MailOnline"
"588","wytzia","MailOnline"
"589","Roselady64","MailOnline"
"590","masonfallon","MailOnline"
"591","MCUK54","MailOnline"
"592","englander1942","MailOnline"
"593","ggmstrength","MailOnline"
"594","love4thecross","MailOnline"
"595","jondknight","MailOnline"
"596","2tweetaboutit","MailOnline"
"597","GeoffUkip","MailOnline"
"598","RichFelstead","MailOnline"
"599","ricggra","MailOnline"
"600","OhBrokenBritain","MailOnline"
"601","BlueEyedSoulMan","MailOnline"
"602","rfw753","MailOnline"
"603","yetti1963","MailOnline"
"604","mraidenrussell","MailOnline"
"605","kmoore0555","MailOnline"
"606","heather_venter","MailOnline"
"607","madkentdragon","MailOnline"
"608","rfw753","MailOnline"
"609","CriminalGenius","MailOnline"
"610","ArthurRobinson4","MailOnline"
"611","PaulHenriCadier","MailOnline"
"612","Brosb7","MailOnline"
"613","News_Nexus","MailOnline"
"614","dunstablian","MailOnline"
"615","axJohnBergstrom","MailOnline"
"616","ChrisPain_ukip","MailOnline"
"617","jondknight","MailOnline"
"618","DJakovljevic","MailOnline"
"619","kmoore0555","MailOnline"
"620","Eurosceptic1","MailOnline"
"621","Eurosceptic1","MailOnline"
"622","tonyqpr","MailOnline"
"623","Roselady64","MailOnline"
"624","june69056742","MailOnline"
"625","victorshannock","MailOnline"
"626","Eurosceptic1","MailOnline"
"627","Lankyman90","MailOnline"
"628","dunstablian","MailOnline"
"629","FreeUlsterman","MailOnline"
"630","UKIPSusannah","MailOnline"
"631","fathead1066","MailOnline"
"632","temb72","MailOnline"
"633","HULL_CITY_A_F_C","MailOnline"
"634","Mike_Hookem","MailOnline"
"635","laurasullivan20","MailOnline"
"636","gwjesty","MailOnline"
"637","stephenbmayers","MailOnline"
"638","GeoffUkip","MailOnline"
"639","MalcolmABerry","MailOnline"
"640","ArthurRobinson4","MailOnline"
"641","NewEuropeans","MailOnline"
"642","PhebeBodelle","MailOnline"
"643","SandyCally","MailOnline"
"644","rfw753","MailOnline"
"645","HuwGruffydd","MailOnline"
"646","BridgerCO","MailOnline"
"647","gwalker1312","MailOnlineread"
"648","Actusinsolites","MartynFindley"
"649","_VishalVerma","MeetSiteSprint"
"650","NigelCarterUKIP","MercNews"
"651","jlj21964","MercNews"
"652","clivepivo","MetroUK"
"653","VShah1984","MetroUK"
"654","donsview","MetroUK"
"655","LondonPatriots","MetroUK"
"656","Wirral_In_It","MetroUK"
"657","clivepivo","MetroUK"
"658","EtzKhan","MetroUK"
"659","TurnbullRuther","MetroUK"
"660","APPGMigration","MetroUK"
"661","THarryEvans","MetroUK"
"662","pompeygommy","MetroUK"
"663","EqualityLeeds","MetroUK"
"664","Georgenecs","MetroUK"
"665","thackim","MetroUK"
"666","whinfreybriggs","MetroUk"
"667","MidlandsMaidens","MidlandsMaidens"
"668","MidlandsMaidens","MidlandsMaidens"
"669","notravic","Mig"
"670","ManometCenter","MigConnectivity"
"671","Bordercrim","MigObs"
"672","Pascallllll","MigObs"
"673","immsollawyers","MigObs"
"674","preetkaurvirdi","MigObs"
"675","EwaDudaMikulin","MigObs"
"676","MigrationYorks","MigObs"
"677","121Visas","MigObs"
"678","CPC_population","MigObs"
"679","Bordercrim","MigObs"
"680","sjplep","MigObs"
"681","thedharmablues","MigrantVoiceUK"
"682","TomBVickers","MigrantVoiceUK"
"683","CMSnewyork","MigrationPolicy"
"684","TobiasParallel","MostTalkedLive"
"685","TobiasParallel","MostTalkedLive"
"686","Yyadiloh","Mr_Matt_Evans"
"687","dsdamato","MustBeRead"
"688","LukhonaMnguni","Mzukisi_Qobo"
"689","ConfidenceBus","N4_BB"
"690","AOLJobs","NJSpotlight"
"691","BestWriterExtra","NRO"
"692","NickNoLettingGo","NegNetUK"
"693","twellem","NewCdnMedia"
"694","sam4wong","NewStatesman"
"695","Bordercrim","NewStatesman"
"696","Orgetorix","NewStatesman"
"697","Orgetorix","NewStatesman"
"698","Orgetorix","NewStatesman"
"699","rjones745","New_Europe"
"700","KimRadikale","New_Europe"
"701","karmel80","New_Europe"
"702","S0B0","NewlandChase"
"703","UKVisaSolicitor","NewsRepublic"
"704","UKVisaSolicitor","NewsRepublic"
"705","UKVisaSolicitor","NewsRepublic"
"706","oastudier","NewsRepublic"
"707","kennyv777","NewsRepublic"
"708","SusanDadamo","Newsmax_Media"
"709","owenblacker","Nominet"
"710","Yaacovschapiro","OsherSchapiro"
"711","richarevans1","OwenJones84"
"712","bobdigby","OxfordEdGeog"
"713","pbolyard","PJMedia_com"
"714","LIpatriot1","PJMedia_com"
"715","JuHong89","POLITICO"
"716","njhiredgun","POLITICO"
"717","tatieface","POLITICO"
"718","JKealing","PRIGlobalNation"
"719","lepisteur","Panamza"
"720","humanprovince","PatrickDSmith"
"721","eprenen","PaulbernalUK"
"722","ideas4thefuture","PaulbernalUK"
"723","RefugeeAction","PennyRed"
"724","NewStatesman","PennyRed"
"725","Bluebirds002","PiratePartyUK"
"726","eigidi","Presseurop"
"727","er1cmau","Presseurop"
"728","horia_victor","Presseurop"
"729","costajoaoda","ProEuropa_GB"
"730","MissAceOfNades","ProjectCasting"
"731","NickNoLettingGo","PropertyWire"
"732","CMCMFIN","PropertyWire"
"733","Andrew_ComRes","PubAffairs"
"734","physicsteacher","RANDCorporation"
"735","dc_stevens","RDarlo"
"736","Tanya_Banya","RT@HuffPostCanada"
"737","MigrantVoiceUK","RT@Immigration365"
"738","MigrantVoiceUK","RT@LeeJasper"
"739","MigrantVoiceUK","RT@OanaRomocea"
"740","MigrantVoiceUK","RT@SpeakersChair"
"741","GlobalImmigrant","RT@TheMigrationist"
"742","MigrantVoiceUK","RT@UkImmigMagazine"
"743","MigrantVoiceUK","RT@immigrationbot"
"744","Lynestel","RT@nickbutterly"
"745","daisy_spring","RT""@DearDaveandNick"
"746","Ficahzo","RT""@EbukaAkara"
"747","Mack90Lucas","RT""@Sportive23_"
"748","ricardonotes","RT""@ezraklein"
"749","erika_solo","RT""@liputan6dotcom"
"750","cakmul2","RT""@liputan6dotcom"
"751","niteshbansal79","RT""@raju"
"752","scottspivey","RT@AP"
"753","ricardonotes","RT@AliceOllstein"
"754","dymidowska","RT@BadboyBNP"
"755","GJustGarrett","RT@CommonsBBCom"
"756","JonRidge","RT@DMReporter"
"757","ArmanDoc_","RT@Federation"
"758","europatweets","RT@JohnRentoul"
"759","ukipteesside","RT@Tim_Aker"
"760","NiliMajumder","RT@UN"
"761","NiliMajumder","RT@UN"
"762","WorkersMonthly","RT@WorkersMonthly"
"763","ProfMESmith","RT@a_kere"
"764","SCANDOY","RT@ftwestminster"
"765","AyoeOviie","RT@luga_lau"
"766","vhirsch","RT@pvesterbacka"
"767","NatureIco","RT@seafarer1847"
"768","BuryEmmanuel","RTBF"
"769","otrevlanauh","RT_com"
"770","martijnheeroma","RT_com"
"771","newspalmique","RT_com"
"772","2020CHRISTOF","RT_com"
"773","IBNMoney_com","Rahul_ibn"
"774","msolution","Rahul_ibn"
"775","jrook51","RealJTP"
"776","OpPinkPower","RebelUK2013"
"777","OpPinkPower","RebelUK2013"
"778","IsabelFramer","ReinventorsNet"
"779","BetterOffOut","Reuters"
"780","ricardonotes","ReutersWorld"
"781","OddLane","RightWingNews"
"782","trevorwood","RiscGroupUK"
"783","RizopoulosPost","RizopoulosPost"
"784","donaldgatt","RogerHelmerMEP"
"785","si_mcmahon","RunnymedeTrust"
"786","Monika_Dutt","SCPHRP"
"787","necsaa","SEBHEUPDATE"
"788","OlbaRapisha","SEBHEUPDATE"
"789","necsaa","SEBHEUPDATE"
"790","Dzarotsoekamti","SEBHEUPDATE"
"791","popyanjasia","SEBHEUPDATE"
"792","OlbaRapisha","SEBHEUPDATE"
"793","almhafanessa","SEBHEUPDATE"
"794","panjulajgoer","SEBHEUPDATE"
"795","intanmaria__","SEBHEUPDATE"
"796","DiniMeiske","SEBHEUPDATE"
"797","septialesmana1","SEBHEUPDATE"
"798","uwimarijuana","SEBHEUPDATE"
"799","bebhdulls","SEBHEUPDATE"
"800","Tatapratama_","SEBHEUPDATE"
"801","JoycePutri","SEBHEUPDATE"
"802","nidanuraida_","SEBHEUPDATE"
"803","nandaRinjani","SEBHEUPDATE"
"804","popyNagita","SEBHEUPDATE"
"805","iraaprianih","SEBHEUPDATE"
"806","Aron_ramsey16","SEBHEUPDATE"
"807","CasAnnStephens","SFGate"
"808","vhfiel","SIOTW_Tweets"
"809","SLATFascists","SLATlefties"
"810","SLATFascists","SLATlefties"
"811","andreipetre","SPIEGELONLINE"
"812","fonseca_pinto","SPIEGELONLINE"
"813","BleuWinkle","SPIEGELONLINE"
"814","WladyslawMejka","SPIEGELONLINE"
"815","baveshmoorthy","SPIEGELONLINE"
"816","wheatleymunich","SZ"
"817","BanNgidi","SamuelSuttner"
"818","KiraAynDavis","SandraFluke"
"819","bakedflounder","SandraFluke"
"820","Ron_Wells","Sedo"
"821","Luna_Tee","Sentletse"
"822","Mnix27","Sentletse"
"823","JayAbner","Shikomukui"
"824","adekiitan","ShloerUK"
"825","DeeAtTheCarlton","ShropshireStar"
"826","AryehsSharings","Signs_of_the_Ti"
"827","MatofKilburnia","SkyNews"
"828","PeterHoskinsSky","SkyNews"
"829","MrSumz8","SkyNews"
"830","BetterOffOut","SkyNews"
"831","peter_woods","SkyNews"
"832","sam4wong","SkyNews"
"833","SojoImmigration","SojoCreation"
"834","OpPinkPower","SouthwebORG"
"835","OpPinkPower","SouthwebORG"
"836","sam4wong","SpeakersChair"
"837","BolutifeLORDson","Sportive23_"
"838","TimRossDT","Telegraph"
"839","Kojo_Michael66","Telegraph"
"840","PingPongDigital","Telegraph"
"841","ImmgtnAdviceSvc","Telegraph"
"842","RalfGrahn","Telegraph"
"843","clivepivo","Telegraph"
"844","UKVisaSolicitor","Telegraph"
"845","Antonvlimburg","Telegraph"
"846","gwjesty","Telegraph"
"847","salwamid","Telegraph"
"848","UKIPNorthThanet","Telegraph"
"849","heindehaas","Telegraph"
"850","Roselady64","Telegraph"
"851","WorthingUKIP","Telegraph"
"852","WorthingUKIP","Telegraph"
"853","Vitolae","Telegraph"
"854","nikel99","Telegraph"
"855","thezhanly","Telegraph"
"856","uk_immigration","Telegraph"
"857","RichFelstead","Telegraph"
"858","Lliquidghost","Telegraph"
"859","TurnbullRuther","Telegraph"
"860","Usherwood","Telegraph"
"861","walterbilas","Telegraph"
"862","Eurosceptic1","Telegraph"
"863","cw_london","Telegraph"
"864","DickiesBint","Telegraph"
"865","Visa_help","Telegraph"
"866","thinking_manc","Telegraph"
"867","TrevorMalsbury","Telegraph"
"868","tuncaybilecen","Telegraph"
"869","Entwined_Ivy","Telegraph"
"870","JosephTaylor26","Telegraph"
"871","stephenbmayers","Telegraph"
"872","Antonvlimburg","Telegraph"
"873","LauraWalkerKC","Telegraph"
"874","rumrot","Telegraph"
"875","Skallagrimson","Telegraph"
"876","Icon2100","Telegraph"
"877","TurnbullRuther","Telegraph"
"878","ClayDeborah","Telegraph"
"879","JeffSpicknall","Telegraph"
"880","Wirralpix","Telegraph"
"881","Antonvlimburg","Telegraph"
"882","UKVisaSolicitor","Telegraph"
"883","immsollawyers","Telegraph"
"884","SandyCally","Telegraph"
"885","SandyCally","Telegraph"
"886","YildirimNews","Telegraph"
"887","ostercywriter","Telegraph"
"888","UKIP_Daily","Telegraph"
"889","Icarus2009","Telegraph"
"890","Usherwood","Telegraph"
"891","diassolicitors","Telegraph"
"892","ImmgtnAdviceSvc","Telegraph"
"893","APPGMigration","Telegraph"
"894","Michelle7wright","Telegraph"
"895","OpenEurope","Telegraph"
"896","ImmgtnAdviceSvc","Telegraph"
"897","steph9998","Telegraph"
"898","YildirimNews","Telegraph"
"899","temb72","Telegraph"
"900","dunstablian","Telegraph"
"901","USVeteran2","Telegraph"
"902","USVeteran2","Telegraph"
"903","anjosir","Telegraph"
"904","LabourRoyall","Telegraph"
"905","Wirralpix","Telegraph"
"906","SteveLawrence_","Telegraph"
"907","Usherwood","Telegraph"
"908","Antonvlimburg","Telegraph"
"909","carlb369","Telegraph"
"910","gwalker1312","Telegraph"
"911","ImmgtnAdviceSvc","Telegraph"
"912","Jorge_orwell","Telegraph"
"913","ColinYeo1","Telegraph"
"914","APPGMigration","Telegraph"
"915","gallaghersgym","Telegraph"
"916","deluxeboss","Telegraph"
"917","uk_immigration","Telegraph"
"918","PaulEvans505","Telegraph"
"919","cobalt4you","Telegraph"
"920","ExitEU","Telegraph"
"921","LondonPatriots","Telegraph"
"922","RayPyngotes","Telegraph"
"923","RalfGrahn","Telegraph"
"924","Retroboy1958","Telegraph"
"925","Globehook","Telegraph"
"926","Bordercrim","Telegraph"
"927","arrechisimo","Telegraph"
"928","matsJpersson","Telegraph"
"929","UKVisaSolicitor","Telegraph"
"930","telegraphjobs","Telegraph"
"931","tfa4freedom","Telegraph"
"932","PhilippeHeller","Telegraph"
"933","LondonPatriots","Telegraph"
"934","ludgatelarry","Telegraph"
"935","GoldKonig","Telegraph"
"936","ImmgtnAdviceSvc","Telegraph"
"937","MrLalilulelo","Telegraph"
"938","sam4wong","Telegraph"
"939","GeoffUkip","Telegraph"
"940","Yoneaga","Telegraph"
"941","Antonvlimburg","Telegraph"
"942","CataNigra","Telegraph"
"943","Bordercrim","Telegraph"
"944","ngpoulos","Telegraph"
"945","shanedgj","Telegraph"
"946","hammametsou","Telegraph"
"947","bullcats","Telegraph"
"948","bullcats","Telegraph"
"949","JamesWillby","Telegraph"
"950","CMSnewyork","Telegraph"
"951","GlobalImmigrant","Telegraph"
"952","ImmgtnAdviceSvc","Telegraph"
"953","DrMerle","Telegraph"
"954","mosabbir","Telegraph"
"955","matisaksk","Telegraph"
"956","CataNigra","Telegraph"
"957","Safadreamer","Telegraph"
"958","AugustMelmotte","Telegraph"
"959","CharmedLassie","Telegraph"
"960","hayworthUK","Telegraph"
"961","Usherwood","Telegraph"
"962","richardcalhoun","Telegraph"
"963","WorthingUKIP","Telegraph"
"964","Eurosceptic1","Telegraph"
"965","camshrone","Telegraph"
"966","NigelCarterUKIP","Telegraph"
"967","star_pumpkin","Telegraph"
"968","CasAnnStephens","Telegraph"
"969","bencorde","Telegraph"
"970","BakerUKIP","Telegraph"
"971","val_hudson","Telegraph"
"972","MigrantVoiceUK","Telegraph"
"973","Eurosceptic1","Telegraph"
"974","YildirimNews","Telegraph"
"975","stuartfirth1","Telegraph"
"976","Antonvlimburg","Telegraph"
"977","imthenicenurse","Telegraph"
"978","ChrisPain_ukip","Telegraph"
"979","highbg","Telegraph"
"980","Mancman10","TelegraphBlogs"
"981","GforSpoliceUK","TelegraphNews"
"982","nickareay","TelegraphNews"
"983","OneiricCanid","TelegraphNews"
"984","TheAnorak","TheAnorak"
"985","Thabo99","TheAnorak"
"986","pshill2010","TheBlaze"
"987","MatthewLumby","TheEconomist"
"988","BxlNatalia","TheEconomist"
"989","FieldRoamer","TheHill"
"990","DearsonWinyard","TheInfoDaily"
"991","sharonamills","TheLocalSweden"
"992","FRamabama","TheMuslimIssue"
"993","FRamabama","TheMuslimIssue"
"994","mpbaz7115","TheMuslimIssue"
"995","garysout","ThomasPride"
"996","star_pumpkin","Tim_Aker"
"997","HopeShish","Tistah_Kish"
"998","karmel80","ToryMemo"
"999","AthenDeltaHR","Trapit"
"1000","CallmeHilly","TriXta_Thareal"
"1001","ABC2NEWS","TroutmanABC2"
"1002","DiploMix","UCL_EI"
"1003","koldo_casla","UCL_EI"
"1004","ColinYeo1","UKBAMonitor"
"1005","greeninfashion","UKChange"
"1006","milesmack","UKChange"
"1007","Artsmonkey1","UKHouseofLords"
"1008","lukemcgee85","UKIP"
"1009","bettingbaron","UKIP"
"1010","RossMcCaff","UKIPScotland"
"1011","APPGMigration","UKParliament"
"1012","The_Geo_kid","UKRaider164"
"1013","sam4wong","UKSCBlogcom"
"1014","Yyadiloh","UKVisaSolicitor"
"1015","gpietersz","UKVisaSolicitor"
"1016","Pescalune","UK_Wildlife"
"1017","UkImmigMagazine","UkImmigMagazine"
"1018","Engineer_Dog","UkipaLotMoreIan"
"1019","pjpaton","UkipaLotMoreIan"
"1020","NatureIco","UkipaLotMoreIan"
"1021","szajnerP","UncleGoodAdvice"
"1022","gazdevere","UpikTips"
"1023","GeorgeDoyle_","Upworthy"
"1024","sexyone1992","Upworthy"
"1025","MKELO7","Upworthy"
"1026","pazan11_paz","Upworthy"
"1027","Pemba2015","Upworthy"
"1028","SwingSwap","Upworthy"
"1029","sharedcityUK","VICEUK"
"1030","jane__bradley","VMcAVSKY"
"1031","SmartDeploy","Virtual_Duarte"
"1032","AryehsSharings","Vos"
"1033","WNForum","WNForum"
"1034","StrictlyLawUK","WNSNews"
"1035","jeffrey33333","WNSNews"
"1036","YrDraigSeren","WNSNews"
"1037","LGM1959","WNSNews"
"1038","Slutocrat","WNSNews"
"1039","BradDodd","WNSNews"
"1040","vickya68","WNSNews"
"1041","seeker21","WNSNews"
"1042","kathiebennett","WNSNews"
"1043","robmcd85","WNSnews"
"1044","migrants_rights","WeAreFamilyUK"
"1045","Without_Papers","WeAreFamilyUK"
"1046","Askforhost","WebHostingTalk"
"1047","DUKEpress","WennerGrenOrg"
"1048","jessacabeza","WennerGrenOrg"
"1049","CPC_population","WiCVienna"
"1050","rcollete","WiredUK"
"1051","ergeekgoddess","WomenBelong"
"1052","YNaija","YNaijaChannels"
"1053","bayonnebernie","YahooFinance"
"1054","TBenji68","YahooNews"
"1055","ReformForum","YahooNews"
"1056","passportsforall","YahooNews"
"1057","EnFuegoInc","YahooNews"
"1058","JavierV_Sanchez","YahooNews"
"1059","highbg","YahooNews"
"1060","MenofMind","YahooNews"
"1061","Antonvlimburg","YahooNewsUK"
"1062","karlos1705","YahooNewsUK"
"1063","justynapawlak","YahooNewsUK"
"1064","Otherwise10","YahooNewsUK"
"1065","NickFerran","YahooNewsUK"
"1066","optimistSj","YahooNewsUK"
"1067","tonyholt3","YahooNewsUK"
"1068","PERPETUAL_CASH","YahooNewsUK"
"1069","GrannyWils","YahooNewsUK"
"1070","Bordercrim","YahooNewsUK"
"1071","wassila","YahooNewsUK"
"1072","DODOGRA","YahooNewsUK"
"1073","Teresacooper","YahooNewsUK"
"1074","seyyedmoez","YahooNewsUK"
"1075","RobMax4","YahooNewsUK"
"1076","BeechMarineUK","YahooNewsUK"
"1077","chesthigh","YahooNewsUK"
"1078","lisakalloo","YahooNewsUK"
"1079","ABlackTV","YahooNewsUK"
"1080","LivioPavone","YahooNewsUK"
"1081","crusaderten","YahooNewsUK"
"1082","cdisciple","YahooNewsUK"
"1083","Teresacooper","YahooNewsUK"
"1084","Teresacooper","YahooNewsUK"
"1085","phalcaoart","YouTube"
"1086","CHANNEL428","YouTube"
"1087","CHANNEL428","YouTube"
"1088","mohmeddessam","YouTube"
"1089","SoldierGirl283","YouTube"
"1090","DigiNewsMedia","YouTube"
"1091","lookinglight","YouTube"
"1092","DigiNewsMedia","YouTube"
"1093","osmansaitsahin","YouTube"
"1094","WorldNewssss","YouTube"
"1095","moneybusinessAM","YouTube"
"1096","ManometCenter","_BTO"
"1097","shalimarguru","_TurkeyNews"
"1098","redrosenews","_feedspot"
"1099","redrosenews","_feedspot"
"1100","Lforbes85","abcmobile"
"1101","zultion","afzlhziq"
"1102","cat240359","aghoukassian"
"1103","edujdw","alantravis40"
"1104","williamsteven31","allvoices"
"1105","thomasclark92","amprog"
"1106","TamiAlexsis","amz_harajuku"
"1107","Dalus87","amz_harajuku"
"1108","DREWDIAMOND32","amz_harajuku"
"1109","smiffyhautehair","amz_harajuku"
"1110","Arquipimp","amz_harajuku"
"1111","DiRealDeeki","amz_harajuku"
"1112","3keeeys","amz_harajuku"
"1113","Bisolaaa","aninoritse"
"1114","The__Chauvinist","anonymousjack0"
"1115","bukan_PEMBANTU","antaranews"
"1116","APWProperty","arla_uk"
"1117","onhomeowner","ashtonmortgages"
"1118","TIMGOLDFINCH","asi"
"1119","jackcmcginn","asi"
"1120","thoufeeqq","aziziarshad"
"1121","MoodySlayerUK","badassday"
"1122","BarryFenner","barryfenner"
"1123","BarryFenner","barryfenner"
"1124","BarryFenner","barryfenner"
"1125","BarryFenner","barryfenner"
"1126","BarryFenner","barryfenner"
"1127","BarryFenner","barryfenner"
"1128","BarryFenner","barryfenner"
"1129","BarryFenner","barryfenner"
"1130","_Awesome__moi","bbcbreaking"
"1131","_Awesome__moi","bbcbreaking"
"1132","_Awesome__moi","bbcbreaking"
"1133","notiven","bbcnews"
"1134","notiven","bbcnews"
"1135","eurorights","bbcnews"
"1136","notiven","bbcnews"
"1137","GarethBebb","benatipsosmori"
"1138","cat240359","beneltham"
"1139","mbfalco","bhbsgeog"
"1140","divepointkohtao","bigislandmedia"
"1141","WHSOP","bloggerplugins"
"1142","rightnowio_feed","bristolnoborder"
"1143","ivorsawbottom","britishbullybee"
"1144","Sarah_StJ","britishfuture"
"1145","CalumDavey","britishfuture"
"1146","holdenweb","brunns"
"1147","anne0350","brunogollnisch"
"1148","DearsonWinyard","bsindia"
"1149","i_speakpolitics","buzzfeeders"
"1150","ideas4thefuture","carolinejmolloy"
"1151","Sandy_Asia","causticbob"
"1152","Exponential_e","cbronline"
"1153","DuchessRoyle","change"
"1154","deanofantastico","change"
"1155","Nomiemunki","change"
"1156","AdamMarshall51","change"
"1157","devinhenkel","cinnamon_carter"
"1158","Socially_Good","claremcdowall"
"1159","KWRutter","clarkrushing"
"1160","UKVisaSolicitor","computerworlduk"
"1161","thom_brooks","conversationUK"
"1162","John_Perry_UK","corruptbritain"
"1163","HBDBibliography","countenanceblog"
"1164","MorganeBravo","courrierinter"
"1165","ublocks","creepingsharia"
"1166","ublocks","creepingsharia"
"1167","StrategicLead","curbimmigration"
"1168","spears2345","dailycaller"
"1169","yportbill","dailycaller"
"1170","sunshine791010","dailycaller"
"1171","jalvinz","dailynation"
"1172","psyeclipse","davidwearing"
"1173","MrRobertFord","delicious"
"1174","INTPoet","dromografos"
"1175","notiven","drudge_report"
"1176","highbg","dw_english"
"1177","kolekili","dw_english"
"1178","matisaksk","dw_english"
"1179","CatGL","eGlobalLearning"
"1180","SteveUnwin01","economicvoice"
"1181","highbg","economicvoice"
"1182","SteveUnwin01","economicvoice"
"1183","highbg","el_pais"
"1184","JohnRentoul","electionista"
"1185","karmel80","els76uk"
"1186","FitrySakwan","elsaelsaalaika"
"1187","vld9","euHvR"
"1188","kdelarue","euan"
"1189","Artsmonkey1","eurocrat"
"1190","midpannonian","eurocrat"
"1191","badams","euromove"
"1192","sam4wong","eurorights"
"1193","eurotopics_en","eurotopics_en"
"1194","horia_victor","eurotopics_fr"
"1195","121Visas","eveningstandard"
"1196","immsollawyers","eventbrite"
"1197","marshasweesy","examinercom"
"1198","Tommy_the_GEEK","fast4families"
"1199","weatie181","fast4families"
"1200","Annchicken","fast4families"
"1201","LITTLESOURCE","fast4families"
"1202","belledame222","fast4families"
"1203","harrydq","feedly"
"1204","DukeU","fhi_duke"
"1205","dblblink","forbes"
"1206","VancityCrimLaw","forthewin"
"1207","jbmesser53","foxnews"
"1208","BoDunfors","foxnews"
"1209","craftylady55","foxnews"
"1210","eheinlen","foxnews"
"1211","uniqvbh56","foxnews"
"1212","Mike_Beacham","foxnewslatino"
"1213","CarltonTilley","foxnewslatino"
"1214","PRIGlobalNation","fronterasdesk"
"1215","immikhan","ftwestminster"
"1216","TobiasParallel","gemma_pinyol"
"1217","EALGlasgow","georgeeaton"
"1218","GetBritainOut","getbritainout"
"1219","Uzu_Brady_3000","glaad"
"1220","kolekili","globalpost"
"1221","immsollawyers","gmanews"
"1222","UKVisaSolicitor","gmanews"
"1223","Rugbyplayer","gmbutts"
"1224","DenierDeficit","guardia"
"1225","karldjohn","guardian"
"1226","brandonoffice","guardian"
"1227","catonetee","guardian"
"1228","MichaelCoeUK","guardian"
"1229","UteWietfeld","guardian"
"1230","The_UK_Migrant","guardian"
"1231","StanMarnie","guardian"
"1232","StanMarnie","guardian"
"1233","kevindykes1","guardian"
"1234","PERPETUAL_CASH","guardian"
"1235","michael47818552","guardian"
"1236","ImmgtnAdviceSvc","guardian"
"1237","APPGMigration","guardian"
"1238","DeFuhr","guardian"
"1239","IanDavidMcHugh","guardian"
"1240","ImmigNewsDigest","guardian"
"1241","Bordercrim","guardian"
"1242","Bordercrim","guardian"
"1243","ImmgtnAdviceSvc","guardian"
"1244","The_UK_Migrant","guardian"
"1245","MsCathOz","guardian"
"1246","BradDodd","guardian"
"1247","hanriseagainst","guardian"
"1248","mrsallennumber2","guardian"
"1249","torysmasher","guardian"
"1250","KirstenDownie1","guardian"
"1251","ligomersall","guardian"
"1252","DeanMThomson","guardian"
"1253","ouiouiel","guardian"
"1254","Davidbush","guardian"
"1255","Camz99","guardian"
"1256","RichardBlaber","guardian"
"1257","adampipe","guardian"
"1258","Wonkypolicywonk","guardian"
"1259","RupertTheswarm","guardian"
"1260","OurOwnFuture","guardian"
"1261","Paras_London","guardian"
"1262","Zaedlo","guardian"
"1263","hgthorp","guardian"
"1264","sashasimic","guardian"
"1265","PlaidGlyndwr","guardian"
"1266","MartinShovel","guardian"
"1267","MilanPalmer","guardian"
"1268","DerbyFreelancer","guardian"
"1269","saramo","guardian"
"1270","Rayfuz","guardian"
"1271","RickyHolco","guardian"
"1272","maryjac55579252","guardian"
"1273","nickdmorris","guardian"
"1274","APPGMigration","guardian"
"1275","Mrs_IrmyProsser","guardian"
"1276","UKVisaSolicitor","guardian"
"1277","DearsonWinyard","guardian"
"1278","Bordercrim","guardian"
"1279","Wonkypolicywonk","guardian"
"1280","sam4wong","guardian"
"1281","Employment_101","guardian"
"1282","UKVisaSolicitor","guardian"
"1283","TheNieuws","guardian"
"1284","Imm_FaegreBD","guardian"
"1285","Bordercrim","guardian"
"1286","ZachariasPieri","guardian"
"1287","Bordercrim","guardian"
"1288","ccpecheanu","guardian"
"1289","MarijusPetruson","guardian"
"1290","M_Irchenhauser","guardian"
"1291","picolin1","guardian"
"1292","Bordercrim","guardian"
"1293","FirstNightArt","guardian"
"1294","sjplep","guardian"
"1295","ErikPetersen","guardian"
"1296","fifiharoon","guardian"
"1297","davidaslindsay","guardian"
"1298","evanoconnell","guardian"
"1299","bibi_castro","guardian"
"1300","mosabbir","guardian"
"1301","greg_jenner","guardian"
"1302","shainshapiro","guardian"
"1303","ereennasir","guardian"
"1304","ideas4thefuture","guardian"
"1305","matthewnewton75","guardian"
"1306","ideas4thefuture","guardian"
"1307","jonathanfryer","guardian"
"1308","CllrAlanDean","guardian"
"1309","hansonphoto","guardian"
"1310","MigrantChildren","guardian"
"1311","Safadreamer","guardian"
"1312","prfrancesca","guardian"
"1313","UKVisaSolicitor","guardian"
"1314","AnitaBellows12","guardian"
"1315","bencorde","guardian"
"1316","Bridget79696639","guardian"
"1317","labour52rose","guardian"
"1318","Cochis3","guardian"
"1319","deaepleicester","guardian"
"1320","bluesky73","guardian"
"1321","tariq_najeeb","guardian"
"1322","cllrakhan","guardian"
"1323","StopIllatosut","guardian"
"1324","GTurculet","guardian"
"1325","TurnbullRuther","guardian"
"1326","Rayfuz","guardian"
"1327","JRSEurope","guardian"
"1328","Visa_help","guardian"
"1329","TravisBickle54","guardian"
"1330","michaelalaubs","guardian"
"1331","UKVisaSolicitor","guardian"
"1332","JeremySare","guardian"
"1333","glyn1977","guardian"
"1334","HarrietAW","guardian"
"1335","_Syriana_","guardian"
"1336","sianglaessner","guardian"
"1337","APPGMigration","guardian"
"1338","directphoto","guardian"
"1339","Ad_Matt","guardian"
"1340","sam4wong","guardian"
"1341","Resurgamblog","guardian"
"1342","AbsterMB","guardian"
"1343","ligomersall","guardian"
"1344","Laura_220392","guardian"
"1345","Devi636","guardian"
"1346","bernicecarrick","guardian"
"1347","mamapanda58","guardian"
"1348","IanDavidMcHugh","guardian"
"1349","baldhor","guardian"
"1350","SS_Geography","guardian"
"1351","DerekScott1984","guardian"
"1352","raceequality","guardian"
"1353","refsfsc","guardian"
"1354","bellmanNo82","guardian"
"1355","rubot","guardian"
"1356","njwimpenny","guardian"
"1357","mrussellfrance","guardian"
"1358","clarerishbeth","guardian"
"1359","BabbeyGeography","guardian"
"1360","owencorrigan","guardian"
"1361","HannahRIqbal","guardian"
"1362","eashgriffiths","guardian"
"1363","byronic","guardian"
"1364","steffenmoller","guardian"
"1365","sashasimic","guardian"
"1366","martininMA","guardian"
"1367","iordanou","guardian"
"1368","zazzle_tim","guardian"
"1369","GianCrown","guardian"
"1370","WASGeography","guardian"
"1371","brillrubbish","guardian"
"1372","JakeArmistead","guardian"
"1373","HFarnelas","guardian"
"1374","CETCStephenG","guardian"
"1375","WBSGeogratweets","guardian"
"1376","nisars97","guardian"
"1377","alicekloker","guardian"
"1378","Life_squared","guardian"
"1379","robertsnickc","guardian"
"1380","khanasada","guardian"
"1381","MigrantsMRC","guardian"
"1382","SiMcKeag","guardian"
"1383","SKJDouglas","guardian"
"1384","raceequality","guardian"
"1385","jasotweet","guardian"
"1386","selinamehra1","guardian"
"1387","redmadden","guardian"
"1388","Bordercrim","guardian"
"1389","ChrisLong_","guardian"
"1390","lucywake","guardian"
"1391","aishagani","guardian"
"1392","GeographyPick","guardian"
"1393","stuartbasten","guardian"
"1394","Carls_burger","guardian"
"1395","scottcolfer","guardian"
"1396","mumfcanfly","guardian"
"1397","bigfatfrog67","guardian"
"1398","yrotitna","guardian"
"1399","ElisaIob","guardian"
"1400","M_Irchenhauser","guardian"
"1401","Westengland","guardian"
"1402","drjonrees","guardian"
"1403","tamatel","guardian"
"1404","kmnewey","guardian"
"1405","Bordercrim","guardian"
"1406","JohnReid16","guardian"
"1407","Fintalloneword","guardian"
"1408","PeterSioen","guardian"
"1409","hare_brain","guardian"
"1410","Australia_21","guardian"
"1411","TurnbullRuther","guardian"
"1412","Bordercrim","guardian"
"1413","sarmadakhan","guardian"
"1414","Bordercrim","guardian"
"1415","SuRace_JoCi","guardian"
"1416","paul_packham","guardian"
"1417","NAZIR_A_NAJI","guardian"
"1418","MsElleSandberg","guardian"
"1419","The_UK_Migrant","guardian"
"1420","michaelrtye","guardian"
"1421","MarieToumit","guardian"
"1422","RedbridgeECC","guardian"
"1423","ward_stephen","guardian"
"1424","8s","guardian"
"1425","tutticontenti","guardian"
"1426","Viv_Savage_CFC","guardian"
"1427","AlanJohnson35","guardian"
"1428","godwinfan","guardian"
"1429","suethorney","guardian"
"1430","dravazed","guardian"
"1431","Mancman10","guardian"
"1432","msHamadani","guardian"
"1433","msHamadani","guardian"
"1434","TopTVCameraman","guardian"
"1435","Gandrewsa","guardian"
"1436","emrys_s","guardian"
"1437","CatarinaNyberg1","guardian"
"1438","UnseenOrg","guardian"
"1439","Bordercrim","guardian"
"1440","UkImmigMagazine","guardian"
"1441","jayaprakash_av","guardian"
"1442","PARRY1956","guardian"
"1443","Robfm","guardian"
"1444","GPHEBY","guardian"
"1445","JaniAllan","guardian"
"1446","HurshJoshi","guardian"
"1447","julijuxtaposed","guardian"
"1448","FluffyFacedFool","guardian"
"1449","Fancymec","guardian"
"1450","Hephaestus7","guardian"
"1451","spsot","guardian"
"1452","MaximManchester","guardian"
"1453","IbnChaudry","guardian"
"1454","JCWInews","guardian"
"1455","ntesicodwyer","guardian"
"1456","privcyfree","guardian"
"1457","oxfordgirl","guardian"
"1458","ScotsIndy","guardian"
"1459","KailashChandOBE","guardian"
"1460","DearDaveandNick","guardian"
"1461","bijugovind","guardian"
"1462","daisy_spring","guardian"
"1463","ideas4thefuture","guardian"
"1464","katoykatoy","guardian"
"1465","the_mcquade","guardian"
"1466","DavidGustave","guardian"
"1467","PARRY1956","guardian"
"1468","paulstpancras","guardian"
"1469","Camz99","guardian"
"1470","Venkatram_T","guardian"
"1471","TomJamesScott","guardian"
"1472","RunnymedeTrust","guardian"
"1473","CreativeAspie","guardian"
"1474","RobMellowship","guardian"
"1475","UkImmigMagazine","guardian"
"1476","worldofhiglet","guardian"
"1477","beready4change","guardian"
"1478","imthenicenurse","guardian"
"1479","arunbudhathoki","guardian"
"1480","positiveimagep","guardian"
"1481","Michaelacbenson","guardian"
"1482","ProfRaviBarn","guardian"
"1483","WilkieTong","guardian"
"1484","HaveYou_Read_It","guardian"
"1485","adampipe","guardian"
"1486","ColinYeo1","guardian"
"1487","myworryisreal","guardian"
"1488","mamapanda58","guardian"
"1489","MichaelCoeUK","guardian"
"1490","nipclaw","guardian"
"1491","nicolapolloni","guardian"
"1492","torysmasher","guardian"
"1493","jamiejkerr","guardian"
"1494","JohnWreford","guardian"
"1495","jane_fieldsend","guardian"
"1496","JohnABrookes","guardian"
"1497","Pniemenmaa","guardian"
"1498","TahirMirza01","guardian"
"1499","ladybie11","guardian"
"1500","Tom_Gregory","guardian"
"1501","glomtadze","guardian"
"1502","sashasimic","guardian"
"1503","Opendiscussion","guardian"
"1504","Linnielin87","guardian"
"1505","Newbloke","guardian"
"1506","syriano100","guardian"
"1507","toddogroats","guardian"
"1508","danhurlbut","guardian"
"1509","douglasvilela","guardian"
"1510","ShepardMasocha","guardian"
"1511","Rayfuz","guardian"
"1512","StepUpLearn","guardian"
"1513","Tabacaria","guardian"
"1514","Derfel163","guardian"
"1515","leeomar","guardian"
"1516","Federica_Caso","guardian"
"1517","Safadreamer","guardian"
"1518","JonSward","guardian"
"1519","drzoeballantyne","guardian"
"1520","Papos29","guardian"
"1521","DebtFree_UK","guardian"
"1522","osamois","guardian"
"1523","MarkRounding","guardian"
"1524","roxbox2","guardian"
"1525","intervenepro","guardian"
"1526","munaeem","guardian"
"1527","ligomersall","guardian"
"1528","susansviews","guardian"
"1529","davemorland","guardian"
"1530","PhilippeAbeille","guardian"
"1531","con_agius","guardian"
"1532","ElisaMih","guardian"
"1533","TherapeuticHom","guardian"
"1534","Mo09","guardian"
"1535","alanmills405","guardian"
"1536","counterfireorg","guardian"
"1537","HowVeryRobbie","guardian"
"1538","wordsworkout","guardian"
"1539","Lydgatepriest","guardian"
"1540","njbarmstrong","guardian"
"1541","greg_jenner","guardian"
"1542","Euroaddict","guardian"
"1543","CICOldBoy","guardian"
"1544","Annairarorua13","guardian"
"1545","kate_tea","guardian"
"1546","Petit_Darwin","guardian"
"1547","Quickieleaks","guardian"
"1548","aristotle_k","guardian"
"1549","balihar","guardian"
"1550","Georgenecs","guardian"
"1551","HughKDavid","guardian"
"1552","luiciolfi","guardian"
"1553","kass1433","guardian"
"1554","lightacandleOTM","guardian"
"1555","ag_tn21","guardian"
"1556","MichelVeuthey","guardian"
"1557","FELDart","guardian"
"1558","danwibg","guardian"
"1559","oheavensakes","guardian"
"1560","HajiIhassan","guardian"
"1561","BrubeckNo2","guardian"
"1562","JDHoare","guardian"
"1563","sugarloaf147","guardian"
"1564","InkyBorgo","guardian"
"1565","nshar9","guardian"
"1566","PasiAhonen","guardian"
"1567","louiedadawg","guardian"
"1568","cfpdx","guardian"
"1569","RamseAli","guardian"
"1570","DaniellaLock","guardian"
"1571","BoryanaDz","guardian"
"1572","see_sanctuary","guardian"
"1573","ImmgtnAdviceSvc","guardian"
"1574","Bordercrim","guardian"
"1575","Westengland","guardian"
"1576","maggienelmes","guardian"
"1577","ibrahim_Dogus","guardian"
"1578","megandorothea","guardian"
"1579","diamondstylus","guardian"
"1580","citygirlabroad","guardian"
"1581","DearDaveandNick","guardian"
"1582","mamapanda58","guardian"
"1583","MikeSegalov","guardian"
"1584","istvanvasil","guardian"
"1585","McDonald_69","guardian"
"1586","nhvanvactor","guardian"
"1587","Naemmaa","guardian"
"1588","mosabbir","guardian"
"1589","jretis","guardian"
"1590","DearDaveandNick","guardian"
"1591","Bordercrim","guardian"
"1592","bunchofguys","guardian"
"1593","T_Fretton","guardian"
"1594","Rayfuz","guardian"
"1595","SCPHRP","guardian"
"1596","NewEuropeans","guardian"
"1597","Hozwoldian","guardian"
"1598","The_UK_Migrant","guardian"
"1599","DIFNigeria","guardian"
"1600","jack_self","guardian"
"1601","AjrMac","guardian"
"1602","gibbonape","guardian"
"1603","Frances_Coppola","guardian"
"1604","2014Europarl","guardian"
"1605","OnlyOneIssue","guardian"
"1606","danwibg","guardian"
"1607","noahmccormack","guardian"
"1608","mang0ez","guardian"
"1609","MalcolmABerry","guardian"
"1610","violetavajda","guardian"
"1611","JulianPetley","guardian"
"1612","I_am_a_Leo","guardian"
"1613","ladybie11","guardianlittle"
"1614","_edouglas","guardiannews"
"1615","ChuckDalldorf","guardiannews"
"1616","willmill82","gwalker1312"
"1617","dhartnettcsw","hardball"
"1618","Hatfulofhistory","hatfulofhistory"
"1619","SwetangJoshi","hrmagazine"
"1620","highbg","hsnewsbreak"
"1621","exankit","hydvisa"
"1622","aankitchkt","hydvisa"
"1623","exankit","hydvisa"
"1624","exankit","hydvisa"
"1625","exankit","hydvisa"
"1626","abhinavimmi","hydvisa"
"1627","WSieciOpinii","iankatz1000"
"1628","Study_Group","icefmonitor"
"1629","ricardonotes","ilwcom"
"1630","jonathanfryer","immigrationbot"
"1631","GlobalImmigrant","immigrationbot"
"1632","PSSRemovals","immigrationsa"
"1633","Patrick_deBelen","indiegogo"
"1634","AmeNiji_","indra_papski"
"1635","sam4wong","itvnews"
"1636","RuthStivey","jackaldwinckle"
"1637","jajadd_diansyah","jajadd_diansyah"
"1638","Dalkymz","jeywat"
"1639","JoTurkishWeekly","joTurkishWeekly"
"1640","BiancaSavonrola","josephjett"
"1641","BiancaSavonrola","josephjett"
"1642","SimonT_Space","josephwillits"
"1643","Kavash","kachwanya"
"1644","glykosymoritis","kenanmalik"
"1645","paul13usa","kgbt"
"1646","Multi_American","kpcc"
"1647","JesseSelf720","kpcc"
"1648","jonathanfryer","lakematt"
"1649","CultureStrike","laloalcaraz"
"1650","JuanSaaa","latinorebels"
"1651","malcomx60","lbc973"
"1652","WikiGuido","lembitopik"
"1653","pierrerosellini","lemondefr"
"1654","CBeauquis","liberation_info"
"1655","EliteExpat","livemint"
"1656","LNTribune","lntribune"
"1657","pdesautels7","lp_affaires"
"1658","duarte_vasco","lukadotnet"
"1659","ProfMESmith","lukeblackheath"
"1660","jasonkosarek","lyntonweb"
"1661","TimHarford","m_clem"
"1662","Orgetorix","mailandguardian"
"1663","donneysamuel","maildotcom"
"1664","generalmike","maildotcom"
"1665","Socially_Cal","mailonline"
"1666","GameOnLaw","margarethagan"
"1667","MikeWelborn","marklevinshow"
"1668","Tveworld","mashable"
"1669","ZyingNg","mashable"
"1670","jdugyon","mashable"
"1671","QIMP3G","matt_cav_"
"1672","PaulHulbert","matt_cav_"
"1673","popfilmz","mediaite"
"1674","CordieMendoza","mediaite"
"1675","star_pumpkin","meganne121"
"1676","mrwilliam","michaelhortin"
"1677","littlewisehen","michaelreuter"
"1678","friendsunaoc","migrants_rights"
"1679","Without_Papers","migrants_rights"
"1680","CataNigra","minefornothing"
"1681","Hannah_J_Lewis","mobilitymuse"
"1682","TurnbullRuther","moneyweek"
"1683","MEHallick","moneyweek"
"1684","PRI","monica_campbell"
"1685","KKastorff","msnbc"
"1686","Ash_map","msnuk"
"1687","hafifihaizam","muhammadanwar99"
"1688","Mwaqar09","mwaqar09"
"1689","HeltLawGroup","mySA"
"1690","Mediaand","nationaljournal"
"1691","joreil23","nationofchange"
"1692","bimbofakunle","nbcnews"
"1693","Neake81","newsantenna"
"1694","DadyChery","newsjunkiepost"
"1695","MatthewSDent","newstatesman"
"1696","spsot","newsthump"
"1697","NORBET","newsthump"
"1698","DickELeaks","newsthump"
"1699","IanSpringham","newsthump"
"1700","sjplep","newsthump"
"1701","PierreJParent","nieuws_lezer"
"1702","FrediTeres","nieuws_lezer"
"1703","freelancemother","nieuws_lezer"
"1704","michaelallenmar","nieuws_lezer"
"1705","Nelsonb","nprnews"
"1706","straysauce","nwi"
"1707","straysauce","nwi"
"1708","Hugodixon","nytimes"
"1709","RuxandraGuidi","nytimes"
"1710","ricardonotes","nytimes"
"1711","GosiaWozniacka","nytimes"
"1712","rosyshie","nzots"
"1713","GowerEcon","ohKatyKaty"
"1714","costajoaoda","ottocrat"
"1715","muhamma04914392","pakistantv1"
"1716","paknews","paknews"
"1717","alastairsloan","pc_connor"
"1718","adomakonash","peacefmonline"
"1719","PhxBizTimGallen","phxbizjournal"
"1720","asnajdar","pjspooner"
"1721","mikekendrick65","po_st"
"1722","MisterGreeen","po_st"
"1723","RobertScott1945","po_st"
"1724","chenkx","politico"
"1725","APPGMigration","politics_co_uk"
"1726","CarbonisedPleb","politics_co_uk"
"1727","jitjindar","politics_co_uk"
"1728","vernebruce","politics_co_uk"
"1729","BradDodd","politics_co_uk"
"1730","CarbonisedPleb","politics_co_uk"
"1731","jonfeatonby","politics_co_uk"
"1732","billmac65","politics_co_uk"
"1733","Sinthia_Siren","politics_co_uk"
"1734","undercovergov","politics_co_uk"
"1735","TurnbullRuther","politics_co_uk"
"1736","LouMcCudden","politics_co_uk"
"1737","TurnbullRuther","politics_co_uk"
"1738","Johnnyfstoke","politics_co_uk"
"1739","newmelinda","politics_co_uk"
"1740","TurnbullRuther","politics_co_uk"
"1741","alicerklein","politics_co_uk"
"1742","billmac65","politics_co_uk"
"1743","karldjohn","politics_co_uk"
"1744","Bordercrim","politics_co_uk"
"1745","InnaMood","politics_co_uk"
"1746","BradDodd","politics_co_uk"
"1747","BradDodd","politics_co_uk"
"1748","thecyclemsnbc","politicsnation"
"1749","patently","politicsofuk"
"1750","JonBall","politicsofuk"
"1751","FinneganAssoc","propertywire"
"1752","ohhlala_ray","pusha_elle"
"1753","ricardonotes","pwolgin"
"1754","Dalus87","qikipedia"
"1755","marcelhold","qikipedia"
"1756","obrimark","qz"
"1757","giazzolino","qz"
"1758","rightnowio_feed","ralexmox"
"1759","GoRapplers","rapplerdotcom"
"1760","CllrBobAllen","readability"
"1761","estherindc","rebleber"
"1762","arissaoh","reineayiti"
"1763","immsollawyers","reuters"
"1764","NewEuropeans","reuters"
"1765","DrHarryLime","reuters"
"1766","debbiemoneill","reuters"
"1767","MihneaGamulescu","reuters"
"1768","Spock_Thornaby","reuters"
"1769","philip_waller","reuters"
"1770","Russell_Wise","reuters"
"1771","kolekili","reuters"
"1772","TheFenRoundhead","reuters"
"1773","GrannyWils","reuters"
"1774","jonathanfryer","richardbe1996"
"1775","LafcadioWluiki","robfordmancs"
"1776","notiven","rt_com"
"1777","notiven","rt_com"
"1778","notiven","rt_com"
"1779","notiven","rt_com"
"1780","robdgill","s8mb"
"1781","MigrantVoiceUK","sam4wong"
"1782","eurorights","sam4wong"
"1783","thejackanory","sam4wong"
"1784","wiganwilson","schoolsimprove"
"1785","karambutan","scsentinel"
"1786","kaosorbit","sharethis"
"1787","corruptbritain","sharethis"
"1788","ignatova","sharethis"
"1789","SophiaMcGrane","sharethis"
"1790","WarwickHunt4","sharethis"
"1791","AVOCATNUTASTEFA","sharethis"
"1792","archdeoye","sharethis"
"1793","KrazyK600","sharethis"
"1794","NewlandChase","sharethis"
"1795","Duranrap","sharethis"
"1796","Boysie88196495","sharethis"
"1797","Boysie88196495","sharethis"
"1798","cicinatela","sharethis"
"1799","gigalekve","sharethis"
"1800","ZurexTube","sharethis"
"1801","gjandieri","sharethis"
"1802","mziakupunia","sharethis"
"1803","ammar_riaz","sharethis"
"1804","David_Erera","sharethis"
"1805","DeeC748","sharethis"
"1806","wufandmew","sharethis"
"1807","salmanaudi","sharethis"
"1808","BradDodd","sharethis"
"1809","jondknight","sharethis"
"1810","jenniferrobyn10","sharethis"
"1811","veggie_babe","sharethis"
"1812","SAPexpertUK","sharethis"
"1813","EVB_Now","sharethis"
"1814","heindehaas","sharethis"
"1815","cattinks","sharethis"
"1816","gsiskind","sharethis"
"1817","JohnGilson2","sharethis"
"1818","NavyNmySoul","sharethis"
"1819","justabill37","sharethis"
"1820","ma000111","sharethis"
"1821","GBHeritage","sharethis"
"1822","outsidethewhale","sharethis"
"1823","yportbill","sharethis"
"1824","WrayPressley","sharethis"
"1825","Pogo407","sharethis"
"1826","syneidesys","sharethis"
"1827","mary_kovacs","sharethis"
"1828","Georgenecs","sharethis"
"1829","Texastweetybird","sharethis"
"1830","cutiepi2u","sharethis"
"1831","CrowandMoore","sharethis"
"1832","Jsp6110","sharethis"
"1833","StoneHearthNews","sharethis"
"1834","FreshStandUp","sickipedia"
"1835","stazybohorn","silezukuk"
"1836","dorupuscas","sinziana09"
"1837","BradfordFCFire","sipingham"
"1838","ColinYeo1","sjplep"
"1839","ImmgtnAdviceSvc","spectator_ch"
"1840","spinph","spinph"
"1841","PrinceofSydney","standardnews"
"1842","DearsonWinyard","standardnews"
"1843","CGTSLTD","standardnews"
"1844","jurak830","standardnews"
"1845","ChalmersByrne","standardnews"
"1846","MihneaGamulescu","standardnews"
"1847","fchesterman","standardnews"
"1848","charlietaverner","suttonnick"
"1849","annemariewyley","suttonnick"
"1850","AmaboTheophile","sylvainattalF24"
"1851","BetterOffOut","telegraph"
"1852","LcTheDreamKid","thapoet545"
"1853","robblackie","theChristophe"
"1854","Inclusi","theeconomist"
"1855","andrewnotandy","theeconomist"
"1856","bobbydowza","theeconomist"
"1857","ailinmartinez","theeconomist"
"1858","TheNationNews","thenationnews"
"1859","AIECAustraliaEU","thepienews"
"1860","Yves_le_roux","theregister"
"1861","NYspanish","thetimes"
"1862","NYspanish","thetimes"
"1863","sam4wong","thetimes"
"1864","BetterOffOut","thetimes"
"1865","sam4wong","thetimes"
"1866","sam4wong","thetimes"
"1867","MigrantVoiceUK","thetimes"
"1868","UKVisaSolicitor","timeshighered"
"1869","alanauthor","timesofisrael"
"1870","TomChatfield","tomstandage"
"1871","nkeung","torontostar"
"1872","Jude_KD","torytoff_park"
"1873","TarekHabal","trdmiami"
"1874","bagpuss47","truth"
"1875","Kris_Bareki","tsamstar"
"1876","eurorights","uk_immigration"
"1877","Tab_Land","ukimmigreat"
"1878","Ethnofascist","unityofnobility"
"1879","UniversityFairs","uniworldnews"
"1880","GlobalHE","uonpressoffice"
"1881","BammyOfficial","via@BammyOfficial"
"1882","STORRS_JA","via@HuffPostUKPol"
"1883","EB5law","washingtonpost"
"1884","echaillo","washingtonpost"
"1885","MLG_Immigration","washingtonpost"
"1886","Totheword","washtimes"
"1887","quetz_al","wireduk"
"1888","MargotLJParker","wolfblut881"
"1889","gala444","wordpressdotcom"
"1890","garysout","wordpressdotcom"
"1891","usa_citizenship","wordpressdotcom"
"1892","ESAC_NYC","wordpressdotcom"
"1893","LaymanAffairs","wordpressdotcom"
"1894","StLHandyMan","wordpressdotcom"
"1895","Study_Group","workpermitcom"
"1896","tmistah","xclusivedeejay"
"1897","superc1_969","yahoocanadanews"
"1898","John_Perry_UK","yogs1961"
"1899","sam4wong","yorkshirepost"
"1900","Brysea","youtube"
"1901","melanoma321","youtube"
"1902","delinfielkar","youtube"
"1903","jamesefc_1878","youtube"
"1904","RealityMatrix","youtube"
"1905","RayPyngotes","youtube"
"1906","ByronSanford","youtube"
"1907","DebraYankUK","youtube"
"1908","impongo2","youtube"
"1909","Brum37","youtube"
"1910","montanas1","youtube"
"1911","iPantix","youtube"
"1912","Twilightcards","youtube"
"1913","avd1993","youtube"
"1914","UKIPNorthThanet","youtube"
"1915","HillmanGaryukip","youtube"
"1916","superbalamory","youtube"
"1917","599tb","youtube"
"1918","beckyhammonfan","youtube"
"1919","jayofmeth","youtube"
"1920","Yuliya_K_BG","youtube"
"1921","Eurosceptic1","youtube"
"1922","saraanneowen","youtube"
"1923","Eurosceptic1","youtube"
"1924","Chanelfusco","youtube"
"1925","BlackArawak","youtube"
"1926","astorkinhand","youtube"
"1927","ISAGroupWA","youtube"
"1928","BlueBailey4","youtube"
"1929","jummy03617421","youtube"
"1930","ublocks","youtube"
"1931","SunshineWilkie","youtube"
"1932","WorldNewsVideo1","youtube"
"1933","superbalamory","youtube"
"1934","jummy03617421","youtube"
"1935","lindseyvnheusen","youtube"
"1936","CoreyMalecka","youtube"
"1937","optimistSj","youtube"
"1938","mrsmoothie007","youtube"
"1939","ZalmiU","youtube"
"1940","jummy03617421","youtube"
"1941","Lankyman90","youtube"
"1942","ZwarteKaat","youtube"
"1943","sh0bud","zcourts"
"1944","mmwlawtaos","zite"
"1945","rjtwatts","zite"
